{
    "main_menu": {
        "inline_keyboard": [
            [
                {
                    "text": "👤 الملف الشخصي",
                    "callback_data": "profile"
                },
                {
                    "text": "💰 الرصيد",
                    "callback_data": "balance"
                }
            ],
            [
                {
                    "text": "🎁 المكافآت",
                    "callback_data": "rewards"
                },
                {
                    "text": "📊 الإحصائيات",
                    "callback_data": "stats"
                }
            ],
            [
                {
                    "text": "🔗 الإحالة",
                    "callback_data": "referral"
                },
                {
                    "text": "❓ المساعدة",
                    "callback_data": "help"
                }
            ]
        ]
    },
    "admin_menu": {
        "inline_keyboard": [
            [
                {
                    "text": "👥 المستخدمين",
                    "callback_data": "admin_users"
                },
                {
                    "text": "📊 الإحصائيات",
                    "callback_data": "admin_stats"
                }
            ],
            [
                {
                    "text": "📢 الإذاعة",
                    "callback_data": "admin_broadcast"
                },
                {
                    "text": "⚙️ الإعدادات",
                    "callback_data": "admin_settings"
                }
            ],
            [
                {
                    "text": "📦 النسخ الاحتياطي",
                    "callback_data": "backup_management"
                }
            ],
            [
                {
                    "text": "🔙 الرئيسية",
                    "callback_data": "main_menu"
                }
            ]
        ]
    }
}
