[
    {
        "id": 1,
        "name": "باقة المبتدئ",
        "points": 100,
        "stars": 2,
        "price": 0,
        "description": "باقة مجانية للمبتدئين",
        "is_active": true,
        "created_date": 1700000000
    },
    {
        "id": 2,
        "name": "باقة المتوسط",
        "points": 500,
        "stars": 8,
        "price": 0,
        "description": "باقة متوسطة للمستخدمين النشطين",
        "is_active": true,
        "created_date": 1700000000
    },
    {
        "id": 3,
        "name": "باقة المتقدم",
        "points": 1000,
        "stars": 15,
        "price": 0,
        "description": "باقة متقدمة للمستخدمين المتميزين",
        "is_active": true,
        "created_date": 1700000000
    },
    {
        "id": 4,
        "name": "باقة VIP",
        "points": 5000,
        "stars": 70,
        "price": 0,
        "description": "باقة VIP للمستخدمين المميزين",
        "is_active": true,
        "created_date": 1700000000
    }
]
